Year,Sector,End Use,Energy Consumption (ktoe),Emissions (ktCO2e),Annual_HDD,Energy_per_HDD
1990,Domestic,Cooking/ Catering,1175.5611928987855,2299.0259515202292,,
1990,Domestic,Lighting/ Appliances,6601.260493550872,12909.978042057883,,
1990,Domestic,Space heating,25657.169637961724,50177.31037444137,,
1990,Domestic,Water ,7321.508675588615,14318.555725672017,,
1990,Industrial,Drying/Separation,3164.2800265963924,12802.030518673604,,
1990,Industrial,Lighting/ Appliances,333.5880967938384,1349.629286891708,,
1990,Industrial,Motors/Drivers,3584.8602302892646,14503.612097411951,,
1990,Industrial,Other non-transport,10572.183819305847,42772.89581395325,,
1990,Industrial,Process use,15587.722103168651,63064.73902564679,,
1990,Industrial,Space heating,5167.383267117098,20906.176991697168,,
1990,Industrial,Unknown industrial heat,249.58245672891235,1009.7596297145344,,
1990,Services,Cooking/ Catering,2002.3606539314437,1232.8272605955103,,
1990,Services,Lighting/ Appliances,3841.887981479286,2365.4001722529283,,
1990,Services,Other non-transport,2473.4052929476493,1522.843282832248,,
1990,Services,Space heating,9386.918729590885,5779.403066132378,,
1990,Services,Water ,1513.027342050735,931.5511417207349,,
1991,Domestic,Cooking/ Catering,1291.2900299428286,2555.1777770743697,,
1991,Domestic,Lighting/ Appliances,7251.125600155497,14348.376091088297,,
1991,Domestic,Space heating,28183.005317107607,55767.943070566784,,
1991,Domestic,Water ,8042.279052794063,15913.894041015648,,
1991,Industrial,Drying/Separation,3131.30274740272,12902.421897640294,,
1991,Industrial,Lighting/ Appliances,330.1115309680606,1360.2128536944315,,
1991,Industrial,Motors/Drivers,3547.4997768240564,14617.346994101448,,
1991,Industrial,Other non-transport,10462.003350268444,43108.31369839727,,
1991,Industrial,Process use,15425.271037059154,63559.28214564046,,
1991,Industrial,Space heating,5113.530182286383,21070.11972984771,,
1991,Industrial,Unknown industrial heat,246.981375191181,1017.6779955943899,,
1991,Services,Cooking/ Catering,2169.3317090020632,1418.7378695018851,,
1991,Services,Lighting/ Appliances,4162.251892182004,2722.1030132643814,,
1991,Services,Other non-transport,2679.655396079602,1752.48836858706,,
1991,Services,Space heating,10169.666693133127,6650.938258030253,,
1991,Services,Water ,1639.1943096032026,1072.0292488491207,,
1992,Domestic,Cooking/ Catering,1271.0586839723658,2473.766957555705,,
1992,Domestic,Lighting/ Appliances,7137.51825611171,13891.22079378645,,
1992,Domestic,Space heating,27741.44678429446,53991.114080826825,,
1992,Domestic,Water ,7916.276275621465,15406.859592283214,,
1992,Industrial,Drying/Separation,3004.7547916783806,12322.089864123474,,
1992,Industrial,Lighting/ Appliances,316.7704576912302,1299.032472393726,,
1992,Industrial,Motors/Drivers,3404.131702605745,13959.880142295955,,
1992,Industrial,Other non-transport,10039.193662557533,41169.36490657028,,
1992,Industrial,Process use,14801.876662991419,60700.47875592999,,
1992,Industrial,Space heating,4906.872812078473,20122.416614396057,,
1992,Industrial,Unknown industrial heat,236.99991039722113,971.90433036053,,
1992,Services,Cooking/ Catering,2183.8251091645116,1287.5785092687734,,
1992,Services,Lighting/ Appliances,4190.0600793762305,2470.4502609249134,,
1992,Services,Other non-transport,2697.5582911470933,1590.4744700502215,,
1992,Services,Space heating,10237.610681731396,6036.072872658218,,
1992,Services,Water ,1650.145838580768,972.9223782616733,,
1993,Domestic,Cooking/ Catering,1313.8144925438191,2594.322355634605,,
1993,Domestic,Lighting/ Appliances,7377.609738969003,14568.189029408582,,
1993,Domestic,Space heating,28674.61218661686,56622.291698773806,,
1993,Domestic,Water ,8182.563581870314,16157.6902578883,,
1993,Industrial,Drying/Separation,2982.589869351137,11826.71762402567,,
1993,Industrial,Lighting/ Appliances,314.433763658913,1246.8088128598777,,
1993,Industrial,Motors/Drivers,3379.0207301600312,13398.665512810056,,
1993,Industrial,Other non-transport,9965.13838577588,39514.27549056541,,
1993,Industrial,Process use,14692.688902498863,58260.2001613157,,
1993,Industrial,Space heating,4870.676695493322,19313.455902019065,,
1993,Industrial,Unknown industrial heat,235.2516530618584,932.8318653322367,,
1993,Services,Cooking/ Catering,2160.41269351748,1377.512315214599,,
1993,Services,Lighting/ Appliances,4145.139161600941,2643.004394723723,,
1993,Services,Other non-transport,2668.6382298842227,1701.5647230496438,,
1993,Services,Space heating,10127.855007841885,6457.6759069561385,,
1993,Services,Water ,1632.4549071554702,1040.8783217144946,,
1994,Domestic,Cooking/ Catering,1267.606029121119,2461.1155295022136,,
1994,Domestic,Lighting/ Appliances,7118.130176439566,13820.177812186677,,
1994,Domestic,Space heating,27666.09098677844,53714.99078100057,,
1994,Domestic,Water ,7894.772807660871,15328.065276162744,,
1994,Industrial,Drying/Separation,3086.661873557526,11992.63990365209,,
1994,Industrial,Lighting/ Appliances,325.4053532530466,1264.3008480182857,,
1994,Industrial,Motors/Drivers,3496.925462304513,13586.64134824567,,
1994,Industrial,Other non-transport,10312.853616307168,40068.63882920317,,
1994,Industrial,Process use,15205.363339228135,59077.55841147121,,
1994,Industrial,Space heating,5040.630027243764,19584.412961500842,,
1994,Industrial,Unknown industrial heat,243.46032810585297,945.9189783017441,,
1994,Services,Cooking/ Catering,2150.2537681699696,1342.6220669019222,,
1994,Services,Lighting/ Appliances,4125.647441604989,2576.061196753808,,
1994,Services,Other non-transport,2656.0894716593457,1658.4667303481813,,
1994,Services,Space heating,10080.230716768332,6294.113001980301,,
1994,Services,Water ,1624.7786017973638,1014.514489822187,,
1995,Domestic,Cooking/ Catering,1231.3805552056576,2322.72048769248,,
1995,Domestic,Lighting/ Appliances,6914.709213530252,13043.032626108241,,
1995,Domestic,Space heating,26875.45317474531,50694.45464369473,,
1995,Domestic,Water ,7669.157056518774,14466.127585986154,,
1995,Industrial,Drying/Separation,2969.220285148459,11773.668457207326,,
1995,Industrial,Lighting/ Appliances,313.0243011234832,1241.2162071338714,,
1995,Industrial,Motors/Drivers,3363.8741279943442,13338.565317258899,,
1995,Industrial,Other non-transport,9920.469234945243,39337.03278816532,,
1995,Industrial,Process use,14626.82830816631,57998.871940292716,,
1995,Industrial,Space heating,4848.843682891228,19226.824701667785,,
1995,Industrial,Unknown industrial heat,234.1971276587013,928.6476144850745,,
1995,Services,Cooking/ Catering,2206.7061348702887,1386.2364741947542,,
1995,Services,Lighting/ Appliances,4233.961430259424,2659.7432581590215,,
1995,Services,Other non-transport,2725.821955825893,1712.3411937896503,,
1995,Services,Space heating,10344.87523885706,6498.5741193585645,,
1995,Services,Water ,1667.4352401873336,1047.470486341509,,
1996,Domestic,Cooking/ Catering,1387.9812345266125,2645.3269598684114,,
1996,Domestic,Lighting/ Appliances,7794.086555951298,14854.600898864375,,
1996,Domestic,Space heating,30293.335815843795,57735.49090188542,,
1996,Domestic,Water ,8644.481215888298,16475.351860405088,,
1996,Industrial,Drying/Separation,2821.3787718808417,11940.158977371924,,
1996,Industrial,Lighting/ Appliances,297.43839576000823,1258.768147951089,,
1996,Industrial,Motors/Drivers,3196.382263543605,13527.184920910167,,
1996,Industrial,Other non-transport,9426.515589486495,39893.294676669946,,
1996,Industrial,Process use,13898.538648351861,58819.029429302704,,
1996,Industrial,Space heating,4607.413166178682,19498.70971841757,,
1996,Industrial,Unknown industrial heat,222.5361343908136,941.7795474036192,,
1996,Services,Cooking/ Catering,2303.49832362666,1468.7932431282895,,
1996,Services,Lighting/ Appliances,4419.674601337798,2818.143223586214,,
1996,Services,Other non-transport,2845.3839895264377,1814.3190012580212,,
1996,Services,Space heating,10798.629864793882,6885.594149459116,,
1996,Services,Water ,1740.573527137682,1109.8521798803595,,
1997,Domestic,Cooking/ Catering,1291.5118182913648,2436.0500130670935,,
1997,Domestic,Lighting/ Appliances,7252.371033121441,13679.424609041553,,
1997,Domestic,Space heating,28187.84595093976,53167.92423004276,,
1997,Domestic,Water ,8043.660372054822,15171.954818326592,,
1997,Industrial,Drying/Separation,2830.1593878722315,11927.306938207672,,
1997,Industrial,Lighting/ Appliances,298.36407520450285,1257.4132465995378,,
1997,Industrial,Motors/Drivers,3206.3299548984796,13512.624653269253,,
1997,Industrial,Other non-transport,9455.852527281966,39850.354696846625,,
1997,Industrial,Process use,13941.793291056681,58755.71834012363,,
1997,Industrial,Space heating,4621.752228387943,19477.72187550623,,
1997,Industrial,Unknown industrial heat,223.22870511537158,940.765843344045,,
1997,Services,Cooking/ Catering,2236.733361363681,1279.3685605885607,,
1997,Services,Lighting/ Appliances,4291.574048823227,2454.6980021591703,,
1997,Services,Other non-transport,2762.9129268232873,1580.333174834199,,
1997,Services,Space heating,10485.640657022404,5997.585240131103,,
1997,Services,Water ,1690.1244668265265,966.7187621420667,,
1998,Domestic,Cooking/ Catering,1330.4660754622391,2489.677651402064,,
1998,Domestic,Lighting/ Appliances,7471.115238417654,13980.565895808708,,
1998,Domestic,Space heating,29038.040726329866,54338.372372049475,,
1998,Domestic,Water ,8286.27124892835,15505.952930626152,,
1998,Industrial,Drying/Separation,2824.8125232393368,11398.416572275546,,
1998,Industrial,Lighting/ Appliances,297.80039235035923,1201.656003529723,,
1998,Industrial,Motors/Drivers,3200.272411881397,12913.436837059251,,
1998,Industrial,Other non-transport,9437.988104638971,38083.27778775625,,
1998,Industrial,Process use,13915.453827001576,56150.32438702875,,
1998,Industrial,Space heating,4613.020605837685,18614.024856251966,,
1998,Industrial,Unknown industrial heat,222.80697138774377,899.0496375215221,,
1998,Services,Cooking/ Catering,2241.3315326839374,1450.6536326953437,,
1998,Services,Lighting/ Appliances,4300.396465053485,2783.3391281430577,,
1998,Services,Other non-transport,2768.592793364348,1791.9121444469042,,
1998,Services,Space heating,10507.196544271404,6800.556996643423,,
1998,Services,Water ,1693.5989452714168,1096.1454949705712,,
1999,Domestic,Cooking/ Catering,1330.3200137514987,2484.9415052876384,,
1999,Domestic,Lighting/ Appliances,7470.295041726444,13953.970483825307,,
1999,Domestic,Space heating,29034.852861578365,54235.00378092718,,
1999,Domestic,Water ,8285.361562483427,15476.455755085579,,
1999,Industrial,Drying/Separation,2801.0524295921,10119.20392207255,,
1999,Industrial,Lighting/ Appliances,295.2955304693611,1066.7974860189245,,
1999,Industrial,Motors/Drivers,3173.3542459580267,11464.197668195839,,
1999,Industrial,Other non-transport,9358.603197016651,33809.29723981011,,
1999,Industrial,Process use,13798.40801126928,49848.729352890645,,
1999,Industrial,Space heating,4574.219517025729,16525.0245186764,,
1999,Industrial,Unknown industrial heat,220.9328949802379,798.1517924405407,,
1999,Services,Cooking/ Catering,2223.282862990964,1569.004682270826,,
1999,Services,Lighting/ Appliances,4265.766855727623,3010.416839676572,,
1999,Services,Other non-transport,2746.2982706161038,1938.1046457184207,,
1999,Services,Space heating,10422.585714922292,7355.377968452664,,
1999,Services,Water ,1679.9609771663734,1185.5741269288164,,
2000,Domestic,Cooking/ Catering,1351.3863090158827,2486.6078623497992,,
2000,Domestic,Lighting/ Appliances,7588.590970100313,13963.32776535947,,
2000,Domestic,Space heating,29494.634550959316,54271.37279861808,,
2000,Domestic,Water ,8416.564484519642,15486.833987848735,,
2000,Industrial,Drying/Separation,2906.171812461087,9922.755227773216,,
2000,Industrial,Lighting/ Appliances,306.37753793161687,1046.0872626827684,,
2000,Industrial,Motors/Drivers,3292.4455690748755,11241.638000414652,,
2000,Industrial,Other non-transport,9709.817826986779,33152.94202164405,,
2000,Industrial,Process use,14316.24199373791,48880.99336602158,,
2000,Industrial,Space heating,4745.883255860864,16204.21672441134,,
2000,Industrial,Unknown industrial heat,229.22418197309267,782.6569097714005,,
2000,Services,Cooking/ Catering,2245.058671708271,1596.0315710381228,,
2000,Services,Lighting/ Appliances,4307.547649628939,3062.272772286907,,
2000,Services,Other non-transport,2773.196721918497,1971.4894655797623,,
2000,Services,Space heating,10524.669096504498,7482.078025145346,,
2000,Services,Water ,1696.4152527334963,1205.9962330040612,,
2001,Domestic,Cooking/ Catering,1389.6670081924785,2552.0515241253297,,
2001,Domestic,Lighting/ Appliances,7803.552869715968,14330.820892592457,,
2001,Domestic,Space heating,30330.12860993874,55699.71114633415,,
2001,Domestic,Water ,8654.98037713509,15894.423435634368,,
2001,Industrial,Drying/Separation,2900.9724769449945,9393.099591617249,,
2001,Industrial,Lighting/ Appliances,305.829408049044,990.2493424809178,,
2001,Industrial,Motors/Drivers,3286.5551640036088,10641.583198107399,,
2001,Industrial,Other non-transport,9692.446314240638,31383.308266316966,,
2001,Industrial,Process use,14290.629280430372,46271.829576034004,,
2001,Industrial,Space heating,4737.392553672637,15339.26999131498,,
2001,Industrial,Unknown industrial heat,228.8140845984744,740.8803432915014,,
2001,Services,Cooking/ Catering,2309.720883108873,1649.079161664687,,
2001,Services,Lighting/ Appliances,4431.613697544975,3164.054087493278,,
2001,Services,Other non-transport,2853.0703728604135,2037.0162183034786,,
2001,Services,Space heating,10827.800763670115,7730.761208683977,,
2001,Services,Water ,1745.275428673572,1246.0801484017786,,
2002,Domestic,Cooking/ Catering,1369.2534338231512,2449.920691056043,4.995384512229256,274.10371123004984
2002,Domestic,Lighting/ Appliances,7688.922238124504,13757.314181426493,4.995384512229256,1539.2052842581322
2002,Domestic,Space heating,29884.59285758929,53470.65822662736,4.995384512229256,5982.440948124912
2002,Domestic,Water ,8527.842663890016,15258.342740831902,4.995384512229256,1707.144393592307
2002,Industrial,Drying/Separation,2763.567396973152,8486.641186352037,4.995384512229256,553.2241592629421
2002,Industrial,Lighting/ Appliances,291.34374346425835,894.6877197125137,4.995384512229256,58.32258612945941
2002,Industrial,Motors/Drivers,3130.8868911293503,9614.642895689858,4.995384512229256,626.755935096606
2002,Industrial,Other non-transport,9233.361861866402,28354.737847621524,4.995384512229256,1848.3786061437527
2002,Industrial,Process use,13613.75106985412,41806.47834270658,4.995384512229256,2725.265900257757
2002,Industrial,Space heating,4513.0051084732595,13858.99076307506,4.995384512229256,903.4349803153134
2002,Industrial,Unknown industrial heat,217.97626457680812,669.3834739224491,4.995384512229256,43.63553276893461
2002,Services,Cooking/ Catering,2037.6537520293534,1397.8092202273044,4.995384512229256,407.90728862632113
2002,Services,Lighting/ Appliances,3909.6041190019178,2681.94764666809,4.995384512229256,782.6432798978283
2002,Services,Other non-transport,2517.0009036926454,1726.6363664572953,4.995384512229256,503.8652975623293
2002,Services,Space heating,9552.370164580927,6552.826297292871,4.995384512229256,1912.239216259662
2002,Services,Water ,1539.6955760189621,1056.2151054167382,4.995384512229256,308.2236356880269
2003,Domestic,Cooking/ Catering,1392.9753624643295,2470.484938108368,5.339308397363444,260.8905983314584
2003,Domestic,Lighting/ Appliances,7822.130642175084,13872.790902218365,5.339308397363444,1465.0082108082875
2003,Domestic,Space heating,30402.33498021373,53919.4824803418,5.339308397363444,5694.058615386673
2003,Domestic,Water ,8675.585127146911,15386.418858102565,5.339308397363444,1624.851849994453
2003,Industrial,Drying/Separation,2788.965480109447,8733.552961528205,5.339308397363444,522.3458306859819
2003,Industrial,Lighting/ Appliances,294.0212872165291,920.7179156701083,5.339308397363444,55.06729810956736
2003,Industrial,Motors/Drivers,3159.6607598753535,9894.372943529923,5.339308397363444,591.7734142188897
2003,Industrial,Other non-transport,9318.219460219903,29179.695390055407,5.339308397363444,1745.210946200682
2003,Industrial,Process use,13738.8658696045,43022.80310002778,5.339308397363444,2573.154582415349
2003,Industrial,Space heating,4554.4810931245,14262.206586192935,5.339308397363444,853.0095574500824
2003,Industrial,Unknown industrial heat,219.97953733777803,688.858630016662,5.339308397363444,41.20000587461929
2003,Services,Cooking/ Catering,2022.7952643342305,1488.8621556357082,5.339308397363444,378.8496774850257
2003,Services,Lighting/ Appliances,3881.0954459081017,2856.649031025162,5.339308397363444,726.8910422601906
2003,Services,Other non-transport,2498.6470362022123,1839.109018142388,5.339308397363444,467.9720387449518
2003,Services,Space heating,9482.71467261703,6979.675727784445,5.339308397363444,1776.0192831902357
2003,Services,Water ,1528.468178946359,1125.0166874775946,5.339308397363444,286.2670715370399
2004,Domestic,Cooking/ Catering,1422.9670958617598,2518.076164096945,5.2785000233734705,269.5779273583003
2004,Domestic,Lighting/ Appliances,7990.546583434054,14140.03524632891,5.2785000233734705,1513.7911429480916
2004,Domestic,Space heating,31056.918506926526,54958.18311612625,5.2785000233734705,5883.663610761559
2004,Domestic,Water ,8862.376540126237,15682.821611155392,5.2785000233734705,1678.9573744213653
2004,Industrial,Drying/Separation,2693.87600906302,8599.710636436273,5.2785000233734705,510.34877278287354
2004,Industrial,Lighting/ Appliances,283.99666379354136,906.6078476222102,5.2785000233734705,53.80253150250819
2004,Industrial,Motors/Drivers,3051.932474069927,9742.74096901482,5.2785000233734705,578.1817676528963
2004,Industrial,Other non-transport,9000.515793435165,28732.51446681796,5.2785000233734705,1705.1275463825739
2004,Industrial,Process use,13270.440750098456,42363.47555896338,5.2785000233734705,2514.055260270202
2004,Industrial,Space heating,4399.196561593058,14043.637248049996,5.2785000233734705,833.4179297363244
2004,Industrial,Unknown industrial heat,212.47935922669356,678.3018221393626,5.2785000233734705,40.25373842679246
2004,Services,Cooking/ Catering,2116.8948300221587,1474.8081433633865,5.2785000233734705,401.040981462241
2004,Services,Lighting/ Appliances,4061.64233678366,2829.6838882899697,5.2785000233734705,769.4690383249973
2004,Services,Other non-transport,2614.883021652496,1821.748874617164,5.2785000233734705,495.38372834586704
2004,Services,Space heating,9923.846480649761,6913.791557135199,5.2785000233734705,1880.0504758371615
2004,Services,Water ,1599.571861233261,1114.3971695641812,5.2785000233734705,303.0353043762952
2005,Domestic,Cooking/ Catering,1378.910792631739,2385.4163653363507,5.3529125186312365,257.60009860656805
2005,Domestic,Lighting/ Appliances,7743.152287194068,13395.095813204802,5.3529125186312365,1446.530698987404
2005,Domestic,Space heating,30095.369203987393,52062.821325094854,5.3529125186312365,5622.241928900962
2005,Domestic,Water ,8587.989627508297,14856.60356874749,5.3529125186312365,1604.358299825958
2005,Industrial,Drying/Separation,2644.0092130289886,8508.321083390803,5.3529125186312365,493.9384314289286
2005,Industrial,Lighting/ Appliances,278.7395533474434,896.9732808926436,5.3529125186312365,52.072503030316355
2005,Industrial,Motors/Drivers,2995.4376340394033,9639.204375722535,5.3529125186312365,559.5902461722558
2005,Industrial,Other non-transport,8833.905717929714,28427.172605212818,5.3529125186312365,1650.2989143167583
2005,Industrial,Process use,13024.789368987924,41913.27679525349,5.3529125186312365,2433.2154362048905
2005,Industrial,Space heating,4317.762287367914,13894.394815892552,5.3529125186312365,806.6192511720675
2005,Industrial,Unknown industrial heat,208.54611774402986,671.0934749081664,5.3529125186312365,38.95937342860892
2005,Services,Cooking/ Catering,2164.5722942581556,1456.8208165520214,5.3529125186312365,404.37281325338125
2005,Services,Lighting/ Appliances,4153.12010152901,2795.1719762825887,5.3529125186312365,775.8617550863657
2005,Services,Other non-transport,2673.776354461499,1799.5301253354808,5.3529125186312365,499.4993557535656
2005,Services,Space heating,10147.354908633286,6829.468298680552,5.3529125186312365,1895.6698569824582
2005,Services,Water ,1635.5979921138667,1100.8055534771577,5.3529125186312365,305.55290907912996
2006,Domestic,Cooking/ Catering,1343.424450475297,2310.7358891594595,5.294055584155492,253.7609265939734
2006,Domestic,Lighting/ Appliances,7543.881853674305,12975.7341670361,5.294055584155492,1424.9721661881088
2006,Domestic,Space heating,29320.863286270374,50432.88520820976,5.294055584155492,5538.450214618901
2006,Domestic,Water ,8366.977260365904,14391.486348538883,5.294055584155492,1580.4475656446293
2006,Industrial,Drying/Separation,2573.5375245734235,8257.139213719744,5.294055584155492,486.11834229238724
2006,Industrial,Lighting/ Appliances,271.3102120021306,870.49291848843,5.294055584155492,51.24808527022861
2006,Industrial,Motors/Drivers,2915.5992028063024,9354.636673880404,5.294055584155492,550.7307500760589
2006,Industrial,Other non-transport,8598.452585417142,27587.948239505913,5.294055584155492,1624.1711951705486
2006,Industrial,Process use,12677.635170701624,40675.91690647073,5.294055584155492,2394.6924940955187
2006,Industrial,Space heating,4202.679481589036,13484.205774647187,5.294055584155492,793.8487639168692
2006,Industrial,Unknown industrial heat,202.9876662205428,651.2815152865975,5.294055584155492,38.342564220153236
2006,Services,Cooking/ Catering,2034.169562343082,1359.1387843817276,5.294055584155492,384.2365328447099
2006,Services,Lighting/ Appliances,3902.919076297648,2607.7514810462826,5.294055584155492,737.226690248331
2006,Services,Other non-transport,2512.6970770095068,1678.8689173150804,5.294055584155492,474.626123029332
2006,Services,Space heating,9536.036540885669,6371.542152597169,5.294055584155492,1801.2724629159438
2006,Services,Water ,1537.0628463706496,1026.9948814533384,5.294055584155492,290.33749682774476
2007,Domestic,Cooking/ Catering,1296.0413709461639,2208.2662401143984,5.0967660277255415,254.28700550425876
2007,Domestic,Lighting/ Appliances,7277.806337701249,12400.32486455547,5.0967660277255415,1427.9263160426078
2007,Domestic,Space heating,28286.705543745546,48196.43747229177,5.0967660277255415,5549.932131447798
2007,Domestic,Water ,8071.870863570683,13753.29547510765,5.0967660277255415,1583.7240359202435
2007,Industrial,Drying/Separation,2499.715633033729,8313.204319905004,5.0967660277255415,490.45132137431864
2007,Industrial,Lighting/ Appliances,263.5276819815696,876.4034737843224,5.0967660277255415,51.704881202712414
2007,Industrial,Motors/Drivers,2831.965276326655,9418.153672306955,5.0967660277255415,555.6396469685375
2007,Industrial,Other non-transport,8351.806081098117,27775.267504380536,5.0967660277255415,1638.6481222927853
2007,Industrial,Process use,12313.977365204311,40952.10210106633,5.0967660277255415,2416.0374045460135
2007,Industrial,Space heating,4082.1256734927683,13575.762112624798,5.0967660277255415,800.9246748402218
2007,Industrial,Unknown industrial heat,197.1649675668239,655.7036482270679,5.0967660277255415,38.68432776672108
2007,Services,Cooking/ Catering,1981.3328092719228,1289.792324134974,5.0967660277255415,388.74313603838374
2007,Services,Lighting/ Appliances,3801.5422907490915,2474.6978617309805,5.0967660277255415,745.8734166075797
2007,Services,Other non-transport,2447.4307602489457,1593.2090730284194,5.0967660277255415,480.19288053156413
2007,Services,Space heating,9288.341748221503,6046.45107310407,5.0967660277255415,1822.3990855563118
2007,Services,Water ,1497.1382444239994,974.5951850141549,5.0967660277255415,293.7427844008969
2008,Domestic,Cooking/ Catering,1326.7749492000194,2262.6598222639263,5.742554011434939,231.04265916490476
2008,Domestic,Lighting/ Appliances,7450.38804350965,12705.76724145206,5.742554011434939,1297.399733406767
2008,Domestic,Space heating,28957.480179386854,49383.602694193585,5.742554011434939,5042.613464623036
2008,Domestic,Water ,8263.282557982458,14092.063959479014,5.742554011434939,1438.9560013764058
2008,Industrial,Drying/Separation,2473.4678129154363,7611.064128247622,5.742554011434939,430.72608598719484
2008,Industrial,Lighting/ Appliances,260.7605563527843,802.3817031923599,5.742554011434939,45.40846387052543
2008,Industrial,Motors/Drivers,2802.2287278281124,8622.688533948867,5.742554011434939,487.9760333552172
2008,Industrial,Other non-transport,8264.10942441342,25429.345174267077,5.742554011434939,1439.099990693583
2008,Industrial,Process use,12184.676632532433,37493.25329722219,5.742554011434939,2121.8218597978407
2008,Industrial,Space heating,4039.262037740703,12429.141887156513,5.742554011434939,703.3912140308071
2008,Industrial,Unknown industrial heat,195.09467183640825,600.3223695383879,5.742554011434939,33.97350228625161
2008,Services,Cooking/ Catering,2140.7089043089445,1579.1134561623005,5.742554011434939,372.7799338145063
2008,Services,Lighting/ Appliances,4107.333908685467,3029.8123351108716,5.742554011434939,715.2451505909534
2008,Services,Other non-transport,2644.2992296028156,1950.591454625344,5.742554011434939,460.474420325402
2008,Services,Space heating,10035.485100551525,7402.767153207556,5.742554011434939,1747.5647735429613
2008,Services,Water ,1617.5662946789992,1193.2125367539295,5.742554011434939,281.6806409583607
2009,Domestic,Cooking/ Catering,1265.3010863545098,2172.6999566188138,5.663685583822574,223.40595494365772
2009,Domestic,Lighting/ Appliances,7105.1869730427325,12200.605527476226,5.663685583822574,1254.5164924651856
2009,Domestic,Space heating,27615.78453916353,47420.18679767749,5.663685583822574,4875.93884414129
2009,Domestic,Water ,7880.417401439226,13531.785225582267,5.663685583822574,1391.3938697353533
2009,Industrial,Drying/Separation,1876.28113744792,6180.827249087107,5.663685583822574,331.2827150587634
2009,Industrial,Lighting/ Appliances,197.80330704949486,651.601748677174,5.663685583822574,34.92483898020202
2009,Industrial,Motors/Drivers,2125.6669997420836,7002.351754365376,5.663685583822574,375.3151491696002
2009,Industrial,Other non-transport,6268.84754669844,20650.777201602643,5.663685583822574,1106.8494982497643
2009,Industrial,Process use,9242.844726803265,30447.690064300088,5.663685583822574,1631.9487708152435
2009,Industrial,Space heating,3064.034684845699,10093.513543499019,5.663685583822574,540.996607155883
2009,Industrial,Unknown industrial heat,147.99159741310103,487.51249462060616,5.663685583822574,26.129910501355464
2009,Services,Cooking/ Catering,2289.693614578305,1312.9192034439257,5.663685583822574,404.27625804625427
2009,Services,Lighting/ Appliances,4393.187791543289,2519.0709268387736,5.663685583822574,775.6764966070393
2009,Services,Other non-transport,2828.331796475819,1621.7764270561822,5.663685583822574,499.3800864501559
2009,Services,Space heating,10733.914409229908,6154.868173747727,5.663685583822574,1895.217213308882
2009,Services,Water ,1730.142388172678,992.070358960491,5.663685583822574,305.47994986066266
2010,Domestic,Cooking/ Catering,1394.2901948122133,2448.1549377938777,6.819269406392664,204.46328070059064
2010,Domestic,Lighting/ Appliances,7829.513967591199,13747.398749272641,6.819269406392664,1148.1455711738695
2010,Domestic,Space heating,30431.031807566414,53432.119840654916,6.819269406392664,4462.506170974725
2010,Domestic,Water ,8683.77403003017,15247.345458932852,6.819269406392664,1273.4170645743434
2010,Industrial,Drying/Separation,1958.3895698031547,6388.866267560573,6.819269406392664,287.18466056895767
2010,Industrial,Lighting/ Appliances,206.4594295955043,673.5338595043153,6.819269406392664,30.2758869450092
2010,Industrial,Motors/Drivers,2218.688872410631,7238.042273979767,6.819269406392664,325.3558028270215
2010,Industrial,Other non-transport,6543.180233021497,21345.856880519434,6.819269406392664,959.5133793786839
2010,Industrial,Process use,9647.323285945487,31472.521741434703,6.819269406392664,1414.7150832465557
2010,Industrial,Space heating,3198.1207125914902,10433.248754647058,6.819269406392664,468.9828956740498
2010,Industrial,Unknown industrial heat,154.46789663223873,503.9215636314576,6.819269406392664,22.651678270319422
2010,Services,Cooking/ Catering,2420.0581543428652,1405.843436437445,6.819269406392664,354.8852538476047
2010,Services,Lighting/ Appliances,4643.315538285205,2697.362731177337,6.819269406392664,680.9109981682744
2010,Services,Other non-transport,2989.3638972780686,1736.5605890791446,6.819269406392664,438.37011256304316
2010,Services,Space heating,11345.053734999112,6590.490108990568,6.819269406392664,1663.6758366466343
2010,Services,Water ,1828.6486750947504,1062.2859342527038,6.819269406392664,268.1590308458117
2011,Domestic,Cooking/ Catering,1156.669084729019,1950.72575868283,4.973424657534246,232.56994211760698
2011,Domestic,Lighting/ Appliances,6495.173521597122,10954.128940571223,4.973424657534246,1305.976056510191
2011,Domestic,Space heating,25244.84059285675,42575.49671595549,4.973424657534246,5075.94712520945
2011,Domestic,Water ,7203.846800817105,12149.308476806966,4.973424657534246,1448.4680671504673
2011,Industrial,Drying/Separation,1885.016146719572,5956.762488400198,4.973424657534246,379.01773456323684
2011,Industrial,Lighting/ Appliances,198.72417849384084,627.9801549977702,4.973424657534246,39.95721101209272
2011,Industrial,Motors/Drivers,2135.563022561162,6748.505431396365,4.973424657534246,429.39486764436964
2011,Industrial,Other non-transport,6298.03210776985,19902.153875759133,4.973424657534246,1266.3370899223244
2011,Industrial,Process use,9285.874703907273,29343.913156648414,4.973424657534246,1867.0986982461054
2011,Industrial,Space heating,3078.2992696387832,9727.607718037189,4.973424657534246,618.9496135174109
2011,Industrial,Unknown industrial heat,148.6805709095187,469.8393958529327,4.973424657534246,29.89500819807984
2011,Services,Cooking/ Catering,2220.837981484472,1230.5874131171977,4.973424657534246,446.5409922557331
2011,Services,Lighting/ Appliances,4261.075912136872,2361.102623212309,4.973424657534246,856.7689681760361
2011,Services,Other non-transport,2743.2782438057916,1520.0765232091119,4.973424657534246,551.5873734309007
2011,Services,Space heating,10411.12429114738,5768.902826725296,4.973424657534246,2093.351163041257
2011,Services,Water ,1678.1135714254876,929.8586641592843,4.973424657534246,337.41610398848843
2012,Domestic,Cooking/ Catering,1252.175229072903,2134.1210959092764,5.970153525942414,209.73920078131354
2012,Domestic,Lighting/ Appliances,7031.479875836336,11983.969327994266,5.970153525942414,1177.7720363943886
2012,Domestic,Space heating,27329.306600837393,46578.18522460487,5.970153525942414,4577.655579891197
2012,Domestic,Water ,7798.668294253364,13291.512354135479,5.970153525942414,1306.2760045223981
2012,Industrial,Drying/Separation,1834.8086688585881,5848.006087932733,5.970153525942414,307.33023210972715
2012,Industrial,Lighting/ Appliances,193.43115232558486,616.5147219952702,5.970153525942414,32.399694829464366
2012,Industrial,Motors/Drivers,2078.6822189868435,6625.293676574339,5.970153525942414,348.1790225250053
2012,Industrial,Other non-transport,6130.2837793701665,19538.787597299626,5.970153525942414,1026.8217982555943
2012,Industrial,Process use,9038.54507257884,28808.1626752818,5.970153525942414,1513.9552162776363
2012,Industrial,Space heating,2996.3086497181866,9550.004598451103,5.970153525942414,501.8813396838412
2012,Industrial,Unknown industrial heat,144.72045816179028,461.2612392468437,5.970153525942414,24.240659395596623
2012,Services,Cooking/ Catering,2367.345314111491,1383.0948012556305,5.970153525942414,396.5300563586086
2012,Services,Lighting/ Appliances,4542.176501740049,2653.715395254874,5.970153525942414,760.8140196064803
2012,Services,Other non-transport,2924.250643190402,1708.4604590872968,5.970153525942414,489.81163222746386
2012,Services,Space heating,11097.939836568126,6483.846188854832,5.970153525942414,1858.9035924023863
2012,Services,Water ,1788.8177043899336,1045.0965698108669,5.970153525942414,299.6267510738028
2013,Domestic,Cooking/ Catering,1259.6804988497986,2160.1580087839325,6.165257664709719,204.3191975674075
2013,Domestic,Lighting/ Appliances,7073.625058214714,12130.17732241578,6.165257664709719,1147.3364850109251
2013,Domestic,Space heating,27493.11260345784,47146.45295452764,6.165257664709719,4459.361489598393
2013,Domestic,Water ,7845.411839477645,13453.672762839746,6.165257664709719,1272.5197009015897
2013,Industrial,Drying/Separation,1888.1706375116398,6066.189090130019,6.165257664709719,306.25980943499485
2013,Industrial,Lighting/ Appliances,199.05673457953324,639.5162426710641,6.165257664709719,32.28684759096853
2013,Industrial,Motors/Drivers,2139.136792421051,6872.476467265426,6.165257664709719,346.9663246461847
2013,Industrial,Other non-transport,6308.571584753473,20267.759365313108,6.165257664709719,1023.2454064108449
2013,Industrial,Process use,9301.41420276024,29882.96515082141,6.165257664709719,1508.6821522484058
2013,Industrial,Space heating,3083.4506667332876,9906.305300426691,6.165257664709719,500.13330089724104
2013,Industrial,Unknown industrial heat,148.9293812407775,478.47041455597764,6.165257664709719,24.15622985122871
2013,Services,Cooking/ Catering,2431.5695191879204,1434.1786268127544,6.165257664709719,394.3986855742236
2013,Services,Lighting/ Appliances,4665.402155979079,2751.72887502964,6.165257664709719,756.7246025553973
2013,Services,Other non-transport,3003.5832491620104,1771.5614815074716,6.165257664709719,487.17886786057454
2013,Services,Space heating,11399.018162463786,6723.32338691095,6.165257664709719,1848.911883717757
2013,Services,Water ,1837.346913207197,1083.6966215311822,6.165257664709719,298.0162408660183
2014,Domestic,Cooking/ Catering,1082.9342800273446,1798.0969920652294,4.854213959556426,223.09158373527941
2014,Domestic,Lighting/ Appliances,6081.122210430065,10097.055524624504,4.854213959556426,1252.7511685920315
2014,Domestic,Space heating,23635.544195628943,39244.30291643559,4.854213959556426,4869.077546344649
2014,Domestic,Water ,6744.619313913646,11198.721773464365,4.854213959556426,1389.4359354794412
2014,Industrial,Drying/Separation,1822.0589275332013,6004.801477117035,4.854213959556426,375.35612206506437
2014,Industrial,Lighting/ Appliances,192.08703552568068,633.0445723954895,4.854213959556426,39.571192602155804
2014,Industrial,Motors/Drivers,2064.2378460995874,6802.929521144053,4.854213959556426,425.24657200899645
2014,Industrial,Other non-transport,6087.685587109168,20062.657059718564,4.854213959556426,1254.1032673527757
2014,Industrial,Process use,8975.737918029632,29580.560482403824,4.854213959556426,1849.0610411515167
2014,Industrial,Space heating,2975.487862862688,9806.057117072085,4.854213959556426,612.9700684093013
2014,Industrial,Unknown industrial heat,143.71482284004193,473.6284691087586,4.854213959556426,29.606198663145552
2014,Services,Cooking/ Catering,2251.8628185252383,1250.0283568736138,4.854213959556426,463.8985502672428
2014,Services,Lighting/ Appliances,4320.602625429128,2398.403559993974,4.854213959556426,890.072555809621
2014,Services,Other non-transport,2781.601507898503,1544.090845050987,4.854213959556426,573.0282041693695
2014,Services,Space heating,10556.566433814673,5860.040533965859,4.854213959556426,2174.7221119151745
2014,Services,Water ,1701.5566143324597,944.5486648846658,4.854213959556426,350.53185304752134
2015,Domestic,Cooking/ Catering,1125.6923961375455,1871.448320049424,5.337638617090671,210.89707956870157
2015,Domestic,Lighting/ Appliances,6321.226651068259,10508.953456009556,5.337638617090671,1184.2740028948797
2015,Domestic,Space heating,24568.759961057454,40845.229755998495,5.337638617090671,4602.926822807064
2015,Domestic,Water ,7010.920991736738,11655.560930325222,5.337638617090671,1313.48738546824
2015,Industrial,Drying/Separation,1825.88213108529,5713.96777067063,5.337638617090671,342.0767612927126
2015,Industrial,Lighting/ Appliances,192.4900893596893,602.3839918522084,5.337638617090671,36.06278041067677
2015,Industrial,Motors/Drivers,2068.569210659925,6473.439659594475,5.337638617090671,387.5438857993383
2015,Industrial,Other non-transport,6100.459301948427,19090.951844137904,5.337638617090671,1142.913512806069
2015,Industrial,Process use,8994.5715971013,28147.86964713745,5.337638617090671,1685.121875486556
2015,Industrial,Space heating,2981.7312919826754,9331.115198034244,5.337638617090671,558.6236734790216
2015,Industrial,Unknown industrial heat,144.0163778626963,450.6889724951969,5.337638617090671,26.981290453341657
2015,Services,Cooking/ Catering,2266.05092995673,1345.94766355608,5.337638617090671,424.5418419113323
2015,Services,Lighting/ Appliances,4347.825061448091,2582.44195028678,5.337638617090671,814.5596533131187
2015,Services,Other non-transport,2799.1272966931847,1662.5746558362562,5.337638617090671,524.4130405776468
2015,Services,Space heating,10623.079251409397,6309.703153264331,5.337638617090671,1990.2207724208208
2015,Services,Water ,1712.2774604925964,1017.0273831196527,5.337638617090671,320.7930666212635
2016,Domestic,Cooking/ Catering,1140.1675867018703,1891.9918745539708,5.5229215456674465,206.44283596537684
2016,Domestic,Lighting/ Appliances,6402.510810656133,10624.313979619194,5.5229215456674465,1159.2615896705424
2016,Domestic,Space heating,24884.687725680997,41293.60238523622,5.5229215456674465,4505.710885066298
2016,Domestic,Water ,7101.073876961001,11783.5081724093,5.5229215456674465,1285.745926000264
2016,Industrial,Drying/Separation,1794.0229199824234,5177.877071942577,5.5229215456674465,324.8322296719526
2016,Industrial,Lighting/ Appliances,189.131393698171,545.8676676348699,5.5229215456674465,34.24480904432519
2016,Industrial,Motors/Drivers,2032.4754332789432,5866.094478528012,5.5229215456674465,368.0072976726158
2016,Industrial,Other non-transport,5994.0144129732025,17299.817885343047,5.5229215456674465,1085.2977655775887
2016,Industrial,Process use,8837.628303548407,25507.005765423775,5.5229215456674465,1600.172703970644
2016,Industrial,Space heating,2929.7040526192914,8455.659775953865,5.5229215456674465,530.4627321598565
2016,Industrial,Unknown industrial heat,141.5034838995626,408.4048407200501,5.5229215456674465,25.62112873223186
2016,Services,Cooking/ Catering,2281.7904916284724,1393.9663811672735,5.5229215456674465,413.14917707249765
2016,Services,Lighting/ Appliances,4378.024232961821,2674.5744708266125,5.5229215456674465,792.7007828666767
2016,Services,Other non-transport,2818.5695061029273,1721.8895200525956,5.5229215456674465,510.3403122418069
2016,Services,Space heating,10696.865153046021,6534.811351845065,5.5229215456674465,1936.812801810912
2016,Services,Water ,1724.1706162607559,1053.3113724865534,5.5229215456674465,312.18452082002
2017,Domestic,Cooking/ Catering,1113.9276982747388,1849.093681359375,5.174771689497717,215.26122602384044
2017,Domestic,Lighting/ Appliances,6255.163024870456,10383.422948432713,5.174771689497717,1208.7804835072068
2017,Domestic,Space heating,24311.989959947536,40357.32937230889,5.174771689497717,4698.176348396029
2017,Domestic,Water ,6937.649316907273,11516.334080972316,5.174771689497717,1340.6677111933932
2017,Industrial,Drying/Separation,1792.7738922323726,5234.862967166267,5.174771689497717,346.4450220810391
2017,Industrial,Lighting/ Appliances,188.99971736533067,551.8752953327926,5.174771689497717,36.52329584876346
2017,Industrial,Motors/Drivers,2031.0603910355107,5930.654652645906,5.174771689497717,392.49275386536965
2017,Industrial,Other non-transport,5989.841283269776,17490.213600750256,5.174771689497717,1157.508319724763
2017,Industrial,Process use,8831.47540389879,25787.726906119606,5.174771689497717,1706.6405889601685
2017,Industrial,Space heating,2927.664345310985,8548.71979559989,5.174771689497717,565.7572006998352
2017,Industrial,Unknown industrial heat,141.40496688723752,412.89960085799004,5.174771689497717,27.325836843047817
2017,Services,Cooking/ Catering,2272.6495426978363,1377.167364693305,5.174771689497717,439.1787075959728
2017,Services,Lighting/ Appliances,4360.485683267002,2642.342545291473,5.174771689497717,842.6431048381667
2017,Services,Other non-transport,2807.2781978047897,1701.1386247623554,5.174771689497717,542.493150664445
2017,Services,Space heating,10654.013060165173,6456.05880441132,5.174771689497717,2058.8373167820455
2017,Services,Water ,1717.2635160652005,1040.6176695840466,5.174771689497717,331.8530012735469
2018,Domestic,Cooking/ Catering,1137.3365251007851,1891.4343040704684,5.457469015003261,208.39999677031707
2018,Domestic,Lighting/ Appliances,6386.6132332140205,10621.182991604834,5.457469015003261,1170.2518540474396
2018,Domestic,Space heating,24822.89848987317,41281.43315017917,5.457469015003261,4548.426829658937
2018,Domestic,Water ,7083.441751812026,11780.035569573418,5.457469015003261,1297.935312566826
2018,Industrial,Drying/Separation,1839.3611540130983,5212.004297814302,5.457469015003261,337.03556519633287
2018,Industrial,Lighting/ Appliances,193.9110892608784,549.4654643632612,5.457469015003261,35.531322070321
2018,Industrial,Motors/Drivers,2083.8397975962625,5904.757723806351,5.457469015003261,381.83263924495543
2018,Industrial,Other non-transport,6145.494098774139,17413.840444069287,5.457469015003261,1126.0703600660693
2018,Industrial,Process use,9060.971303149729,25675.12164283325,5.457469015003261,1660.2881808838476
2018,Industrial,Space heating,3003.743021965108,8511.390765133216,5.457469015003261,550.3912186596835
2018,Industrial,Unknown industrial heat,145.0795352407891,411.0966242546349,5.457469015003261,26.583666318937848
2018,Services,Cooking/ Catering,2328.134988093285,1446.4399630688247,5.457469015003261,426.5960982449835
2018,Services,Lighting/ Appliances,4466.944460007976,2775.2544473617695,5.457469015003261,818.5011124621669
2018,Services,Other non-transport,2875.816297598754,1786.7072315674477,5.457469015003261,526.9505497315289
2018,Services,Space heating,10914.124726652235,6780.803624912001,5.457469015003261,1999.8509742607696
2018,Services,Water ,1759.189527647753,1092.961554383857,5.457469015003261,322.3453074697304
2019,Domestic,Cooking/ Catering,1105.8527548695047,1824.4901014285563,5.434244292237443,203.4970633265719
2019,Domestic,Lighting/ Appliances,6209.818890332305,10245.263709102313,5.434244292237443,1142.7198624844182
2019,Domestic,Space heating,24135.750565506354,39820.34480034495,5.434244292237443,4441.418027522818
2019,Domestic,Water ,6887.357789291833,11363.100608310773,5.434244292237443,1267.3993694265996
2019,Industrial,Drying/Separation,1823.1319782411415,5125.486748512679,5.434244292237443,335.4895143093582
2019,Industrial,Lighting/ Appliances,192.2001598194904,540.3445191977854,5.434244292237443,35.36833264821
2019,Industrial,Motors/Drivers,2065.4535213165864,5806.740696518444,5.434244292237443,380.0810950414923
2019,Industrial,Other non-transport,6091.270759482166,17124.776446216834,5.434244292237443,1120.904845625592
2019,Industrial,Process use,8981.023928148012,25248.92310660208,5.434244292237443,1652.672100328094
2019,Industrial,Space heating,2977.2401933221836,8370.104490588776,5.434244292237443,547.8664618694137
2019,Industrial,Unknown industrial heat,143.79945967042082,404.2725561180072,5.434244292237443,26.461721618925274
2019,Services,Cooking/ Catering,2308.138055245139,1428.4676207602972,5.434244292237443,424.7394727068497
2019,Services,Lighting/ Appliances,4428.576758452865,2740.7712858101304,5.434244292237443,814.9388434338284
2019,Services,Other non-transport,2851.1151932036933,1764.506991812786,5.434244292237443,524.6571629612556
2019,Services,Space heating,10820.380583648785,6696.550612698991,5.434244292237443,1991.1472509811858
2019,Services,Water ,1744.079409449519,1079.3812609136935,5.434244292237443,320.942400756781
2020,Domestic,Cooking/ Catering,1136.1899667855216,1806.6127834609783,5.096532526671871,222.93391847093233
2020,Domestic,Lighting/ Appliances,6380.174835829161,10144.875202282848,5.096532526671871,1251.8658131660216
2020,Domestic,Space heating,24797.874321525116,39430.164023251695,5.096532526671871,4865.636428640352
2020,Domestic,Water ,7076.3008758602,11251.758944953273,5.096532526671871,1388.453980981684
2020,Industrial,Drying/Separation,1747.1442729598775,4888.211071339828,5.096532526671871,342.8103840829982
2020,Industrial,Lighting/ Appliances,184.18930307753078,515.3301902198601,5.096532526671871,36.14012117328912
2020,Industrial,Motors/Drivers,1979.3659120139569,5537.927528416239,5.096532526671871,388.3750180451647
2020,Industrial,Other non-transport,5837.388049517056,16332.014094643322,5.096532526671871,1145.3646217242876
2020,Industrial,Process use,8606.696996515515,24080.067225793744,5.096532526671871,1688.735812333929
2020,Industrial,Space heating,2853.149533368998,7982.624762621813,5.096532526671871,559.8217059221158
2020,Industrial,Unknown industrial heat,137.80593254706758,385.55744685679707,5.096532526671871,27.03915492070005
2020,Services,Cooking/ Catering,2092.8053058150635,1377.0695226109578,5.096532526671871,410.6331696820747
2020,Services,Lighting/ Appliances,4015.422264815565,2642.154817711272,5.096532526671871,787.8733715131823
2020,Services,Other non-transport,2585.126565660698,1701.0177658532095,5.096532526671871,507.23242756361503
2020,Services,Space heating,9810.916571883059,6455.600127961839,5.096532526671871,1925.0179451498109
2020,Services,Water ,1581.3692918256143,1040.5437379746215,5.096532526671871,310.2833708113852
2021,Domestic,Cooking/ Catering,1180.444233331263,1903.6991827718696,5.5375799086757995,213.1696973766185
2021,Domestic,Lighting/ Appliances,6628.680777658617,10690.055339313172,5.5375799086757995,1197.0356883290074
2021,Domestic,Space heating,25763.744265877234,41549.11983066145,5.5375799086757995,4652.5277631683175
2021,Domestic,Water ,7351.920723132883,11856.422418986098,5.5375799086757995,1327.6414687243666
2021,Industrial,Drying/Separation,1767.4454756364883,4954.515444623166,5.5375799086757995,319.17290671822326
2021,Industrial,Lighting/ Appliances,186.32951807323107,522.3202004296987,5.5375799086757995,33.648185876524536
2021,Industrial,Motors/Drivers,2002.3654485564623,5613.044745881142,5.5375799086757995,361.59576594449317
2021,Industrial,Other non-transport,5905.2164479666635,16553.54380013191,5.5375799086757995,1066.3893876664215
2021,Industrial,Process use,8706.703792065622,24406.692599110385,5.5375799086757995,1572.2940229584253
2021,Industrial,Space heating,2886.3021286297626,8090.90219260943,5.5375799086757995,521.2208539163029
2021,Industrial,Unknown industrial heat,139.40718907177222,390.7872015677688,5.5375799086757995,25.174749867421532
2021,Services,Cooking/ Catering,2208.0564904857115,1428.4101095562633,5.5375799086757995,398.7403390832014
2021,Services,Lighting/ Appliances,4236.5523296558085,2740.6609402521785,5.5375799086757995,765.0548433654828
2021,Services,Other non-transport,2727.489975380707,1764.4359514054638,5.5375799086757995,492.5418721466236
2021,Services,Space heating,10351.205606162835,6696.281004425753,5.5375799086757995,1869.265234429478
2021,Services,Water ,1668.4555983149344,1079.337804194742,5.5375799086757995,301.29688886311925
2022,Domestic,Cooking/ Catering,989.4498280687894,1607.4204244733921,4.903979125896934,201.76468999301048
2022,Domestic,Lighting/ Appliances,5556.168491982166,9026.328028435159,4.903979125896934,1132.99187238403
2022,Domestic,Space heating,21595.202563988296,35082.69816949389,4.903979125896934,4403.608174012884
2022,Domestic,Water ,6162.389115960745,10011.169690009961,4.903979125896934,1256.6099809475938
2022,Industrial,Drying/Separation,1689.2936619861978,4694.749545577159,4.903979125896934,344.4740727107453
2022,Industrial,Lighting/ Appliances,178.09051439547204,494.9348833445017,4.903979125896934,36.315512326512895
2022,Industrial,Motors/Drivers,1913.8260884729439,5318.7520686059825,4.903979125896934,390.259835806888
2022,Industrial,Other non-transport,5644.103230179889,15685.63931265972,4.903979125896934,1150.9231759112731
2022,Industrial,Process use,8321.716135221075,23127.04648303502,4.903979125896934,1696.9313941969601
2022,Industrial,Space heating,2758.6774017544526,7666.6951221809,4.903979125896934,562.5385693806135
2022,Industrial,Unknown industrial heat,133.24296798997366,370.29817698291447,4.903979125896934,27.170378292669348
2022,Services,Cooking/ Catering,2086.878745058485,1305.98582523218,4.903979125896934,425.5480481224105
2022,Services,Lighting/ Appliances,4004.051095242541,2505.767997433696,4.903979125896934,816.4902403637786
2022,Services,Other non-transport,2577.805813170123,1613.2120086866598,4.903979125896934,525.6559514206016
2022,Services,Space heating,9783.133293152148,6122.365009211715,4.903979125896934,1994.9377927588182
2022,Services,Water ,1576.8910533767003,986.8313473036484,4.903979125896934,321.5533779598395
2023,Domestic,Cooking/ Catering,930.1792531223879,1491.1832373050067,4.931454664057404,188.62167787974218
2023,Domestic,Lighting/ Appliances,5223.339790943705,8373.608326414333,4.931454664057404,1059.1884437291267
2023,Domestic,Space heating,20301.59470663001,32545.7675125157,4.931454664057404,4116.755823509217
2023,Domestic,Water ,5793.246249303895,9287.23325912046,4.931454664057404,1174.7540318128856
2023,Industrial,Drying/Separation,1671.4585933927474,4318.37906055345,4.931454664057404,338.9382458638559
2023,Industrial,Lighting/ Appliances,176.21028681186078,455.25675349090534,4.931454664057404,35.73190849672782
2023,Industrial,Motors/Drivers,1893.6204721659972,4892.356309610069,4.931454664057404,383.98821466767816
2023,Industrial,Other non-transport,5584.51443841208,14428.146954718199,4.931454664057404,1132.4274111479642
2023,Industrial,Process use,8233.857889241279,21272.988536496432,4.931454664057404,1669.6610736895204
2023,Industrial,Space heating,2729.552092286563,7052.0685625207525,4.931454664057404,553.4983647281057
2023,Industrial,Unknown industrial heat,131.83622768947313,340.61197048319775,4.931454664057404,26.733740178197955
2023,Services,Cooking/ Catering,2060.704143657992,1265.3557606365957,4.931454664057404,417.86942880714366
2023,Services,Lighting/ Appliances,3953.8304287791225,2427.811932650849,4.931454664057404,801.7574322636211
2023,Services,Other non-transport,2545.4737767222127,1563.0239386073704,4.931454664057404,516.1709779620885
2023,Services,Space heating,9660.428696633307,5931.894269793242,4.931454664057404,1958.9409930182937
2023,Services,Water ,1557.1129542073681,956.1303851559416,4.931454664057404,315.751245886186
